label	adduct	mz	rt_peak	rt_min	rt_max	inchi	inchi_key	mz_tolerance	polarity
inosine (U - 15N)	[M+H]+	273.07618	1.02	0.72	1.32	InChI=1S/C10H12N4O5/c15-1-4-6(16)7(17)10(19-4)14-3-13-5-8(14)11-2-12-9(5)18/h2-4,6-7,10,15-17H,1H2,(H,11,12,18)/t4-,6-,7-,10-/m1/s1/i11+1,12+1,13+1,14+1	UGQMRVRMYYASKQ-SHKQESLVSA-N	5	positive
phenylalanine (U - 13C, 15N)	[M+H]+	176.11348	1.452953555	1.252953555	1.652953555	InChI=1S/C9H11NO2/c10-8(9(11)12)6-7-4-2-1-3-5-7/h1-5,8H,6,10H2,(H,11,12)/t8-/m0/s1/i1+1,2+1,3+1,4+1,5+1,6+1,7+1,8+1,9+1,10+1	COLNVLDHVKWLRT-CMLFETTRSA-N	5	positive
tryptophan (U - 13C, 15N)	[M+H]+	218.12812	2.200266822	2.000266822	2.400266822	InChI=1S/C11H12N2O2/c12-9(11(14)15)5-7-6-13-10-4-2-1-3-8(7)10/h1-4,6,9,13H,5,12H2,(H,14,15)/t9-/m1/s1/i1+1,2+1,3+1,4+1,5+1,6+1,7+1,8+1,9+1,10+1,11+1,12+1,13+1	QIVBCDIJIAJPQS-HNEHNLBWSA-N	5	positive
caffeine	[M+H]+	195.087676	2.65253674	2.45253674	2.852536742	InChI=1S/C8H10N4O2/c1-10-4-9-6-5(10)7(13)12(3)8(14)11(6)2/h4H,1-3H3	RYYVLZVUVIJVGH-UHFFFAOYSA-N	5	positive
ABMBA (unlabeled)	[M+H]+	229.9811165	4.7	4.5	4.9	InChI=1S/C8H8BrNO2/c1-4-2-5(8(11)12)7(10)6(9)3-4/h2-3H,10H2,1H3,(H,11,12)	LCMZECCEEOQWLQ-UHFFFAOYSA-N	5	positive
enoxolone	[M+H]+	471.34691	6.60592789	6.40592789	6.80592789	InChI=1S/C30H46O4/c1-25(2)21-8-11-30(7)23(28(21,5)10-9-22(25)32)20(31)16-18-19-17-27(4,24(33)34)13-12-26(19,3)14-15-29(18,30)6/h16,19,21-23,32H,8-15,17H2,1-7H3,(H,33,34)/t19-,21-,22-,23+,26+,27-,28-,29+,30+/m0/s1	MPDGHEJMBKOTSU-YKLVYJNSSA-N	5	positive
9-cis-retinoic acid	[M+H]+	301.21623	7.37277818	7.17277818	7.57277818	InChI=1S/C20H28O2/c1-15(8-6-9-16(2)14-19(21)22)11-12-18-17(3)10-7-13-20(18,4)5/h6,8-9,11-12,14H,7,10,13H2,1-5H3,(H,21,22)/b9-6+,12-11+,15-8+,16-14+	SHGAZHPCJJPHSC-YCNIQYBTSA-N	5	positive
sarsasapogenin	[M+H]+	417.336345	8.15510135	7.95510135	8.35510135	InChI=1S/C27H44O3/c1-16-7-12-27(29-15-16)17(2)24-23(30-27)14-22-20-6-5-18-13-19(28)8-10-25(18,3)21(20)9-11-26(22,24)4/h16-24,28H,5-15H2,1-4H3/t16-,17-,18+,19-,20+,21-,22-,23-,24-,25-,26-,27+/m0/s1	GMBQZIIUCVWOCD-WWASVFFGSA-N	5	positive
nigericin	[M+H]+	747.4654072	8.559813328	8.35981333	8.759813328	InChI=1S/C40H68O11.Na/c1-21-11-12-28(46-33(21)26(6)36(42)43)17-29-18-30(45-10)27(7)40(48-29)25(5)19-38(9,51-40)32-13-14-37(8,49-32)35-23(3)16-31(47-35)34-22(2)15-24(4)39(44,20-41)50-34;/h21-35,41,44H,11-20H2,1-10H3,(H,42,43);/q;+1/p-1/t21-,22-,23-,24+,25+,26+,27+,28+,29+,30+,31+,32+,33+,34-,35+,37-,38-,39-,40+;/m0./s1	MOYOTUKECQMGHE-PDEFJWSRSA-M	5	positive
